[
{"num":"1","item_name":"유레카 블루베리 100g (특) (국산)","description_img":"https://img-cf.kurly.com/shop/data/goodsview/20220429/gv00000309008_1.jpg","title":"블루베리'하면, 앙증맞은 크기의 보랏빛 열매가 떠오르실 텐데요. 지금 선보이는 유레카 블루베리는 일반 블루베리와 비교되는 남다른 사이즈를 자랑합니다. 큼직하고 탱탱한 과육을 바라보다 보면 검붉은 포도알이 연상되기도 하죠. 유레카 블루베리는 호주에서 육성한 신품종으로, 단단하고 아삭거리는 식감과 달콤한 과즙이 단연 돋보이는데요. 컬리는 국내 농가에서 깨끗하고 안전하게 수확한 블루베리를 준비했답니다. '유레카'란 이름에 걸맞게 감탄사가 절로 나오는 싱그러운 과육의 맛을 경험하세요.","check_point_img":"https://img-cf.kurly.com/shop/data/goodsview/20220429/gv30000309009_1.jpg","check_point":"","tip_img":"https://img-cf.kurly.com/shop/data/goodsview/20230307/gv10000498663_1.jpg,https://img-cf.kurly.com/shop/data/goodsview/20220429/gv00000309013_1.jpeg","tip":"사이즈 안내\\n?유레카 블루베리는 비교적 사이즈가 큰 품종이에요. 15mm 이상의 (특)사이즈로 선별해 보내 드립니다.\\n?중량 기준으로 보내드리는 상품이에요. 원물의 총 개수, 형태는 조금씩 다를 수 있음을 알려드립니다.\\n활용팁\\n?요거트, 치즈케이크, 샐러드 위에 토핑으로 올려보세요. 우유와 함께 갈아 스무디로 즐겨도 좋아요.\\n?고기 양념에 설탕 대신 블루베리를 갈아 넣어보세요. 잡내를 꽉 잡아줄 뿐만 아니라, 자연스러운 단맛까지 더해줄 거예요.\\n보관법\\n?블루베리가 담긴 포장 용기째로 냉장실에 두어 보관하세요.\\n?세척 후 보관하는 경우, 물기가 남아있지 않도록 키친타월을 깔고 냉장 보관하세요.\\n?오래 보관하고 싶다면, 세척한 블루베리를 밀폐 용기에 담아 냉동 보관하세요.\\n세척법\\n1. 흐르는 물로 가볍게 헹궈주세요. 물에 오래 담가두거나 문질러 세척하게 되면, 블루베리 특유의 맛과 향이 쉽게 사라질 수 있어요.\\n2. 세척 후에는 키친타월로 물기를 톡톡 닦아주세요.","detail_img":"https://img-cf.kurly.com/shop/data/goodsview/20230307/gv30000498664_1.jpg"}
,
{"num":"2","item_name":"[KF365] DOLE 실속 바나나 1kg (필리핀)","description_img":"https://img-cf.kurly.com/shop/data/goodsview/20210524/gv00000185835_1.jpg","title":"다양한 과일 중, 가장 풍성하고 흐뭇한 맛을 선사하는 건 역시 바나나가 아닐까 해요. 달콤한 내음과 부드러운 식감, 입안을 가득 채우는 과육의 만족감은 잘 익은 바나나만이 줄 수 있는 행복이죠. 허기를 달래는 간식으로, 간편한 식사 대용으로도 좋은 Dole의 실속 바나나를 준비했습니다. 현지 농장에서 정성스레 재배한 원물은 한국 전용선박과 부두를 통해 들어와 신선함을 유지하고 있지요. 원하는 만큼 후숙 후 녹진한 달콤함을 가득히 누려보세요.","check_point_img":"https://img-cf.kurly.com/shop/data/goodsview/20210524/gv10000185837_1.jpg","check_point":"","tip_img":"https://img-cf.kurly.com/shop/data/goodsview/20210524/gv30000185853_1.jpg,https://img-cf.kurly.com/shop/data/goodsview/20210524/gv00000185840_1.jpg,https://img-cf.kurly.com/shop/data/goodsview/20210524/gv20000185842_1.jpg","tip":"덜 익은 원물이 배송될 수 있어요\\n? 배송 시기에 따라 원물 껍질, 특히 꼭지 부분에 종종 초록빛이 감돌 수 있어요. 과숙을 방지하고자 덜 익은 원물 위주로 선별해 보내드리기 때문이에요. 취향에 맞게 후숙시킨 뒤 섭취하세요.\\n겉모습이 투박해 보일 수 있어요\\n? 껍질이 부드러워 멍이 쉽게 드는 바나나 특성상 일부 원물 표면에 스크래치나 멍, 후숙 과정에서 올라오는 슈가 스팟이 발견될 수 있어요. 배송 중 생긴 상처가 아니며, 맛과 품질에는 이상이 없으니 안심하고 섭취하세요.\\n이물질이 아니에요\\n? 사진과 같이, 바나나 아랫부분의 검은색 꼭지에 간혹 흰색 가루가 묻어있을 수 있어요. 이는 바나나 나무의 꽃가루이며, 배송 과정 중 묻은 이물질이 아닌 점 알려드립니다.\\n이렇게 후숙 및 보관하세요\\n? 바나나는 후숙 과일이에요. 초록빛이 도는 원물 수령 시, 상온에 1~3일 정도 두어 후숙하세요.\\nTip. 꼭지가 노란빛을 띠거나 검은 반점(슈가 스팟)이 올라올 때까지 후숙하면 달콤하게 즐길 수 있어요.\\n? 후숙 시 일부 바나나 껍질이 반으로 갈라질 수 있어요. 원물이 익으면서 생기는 자연스러운 현상이니 참고하세요.\\n? 바나나는 냉장 보관 시 수분이 빠지면서 푸석해질 수 있어요. 과일 표면이 지면이나 벽에 닿지 않도록 걸어서 보관하면 더 오래 신선함을 유지할 수 있답니다.","detail_img":"https://img-cf.kurly.com/shop/data/goodsview/20210524/gv00000185852_1.jpg"}
,
{"num":"3","item_name":"친환경 설향 딸기 500g","description_img":"https://img-cf.kurly.com/shop/data/goodsview/20201229/gv40000140774_1.jpg","title":"살짝만 베어 물어도 입안 가득 상큼함이 번지는 새빨간 과일. 지금부터 봄까지 열심히 먹어야 하는 딸기입니다. 컬리는 국내에서 재배 중인 다양한 딸기 품종들을 차례로 선보입니다. 그중에서도 우리나라를 대표하는 딸기 품종 '설향'을 소개할게요. 통통하고 야무진 생김새를 지닌 설향은 과즙이 풍부하고, 상쾌하면서도 시원한 단맛을 뽐내는데요. 화학약품이나 농약 사용 없이, 벌통을 설치한 하우스 안에서 수정하고 재배했기에 더욱 깨끗하고 안전하답니다. 입안 가득 퍼지는 딸기의 새콤달콤한 향미를 마음껏 즐겨보세요.","check_point_img":"https://img-cf.kurly.com/shop/data/goodsview/20201204/gv40000140775_1.jpg,https://img-cf.kurly.com/shop/data/goodsview/20201217/gv10000144222_1.jpg,https://img-cf.kurly.com/shop/data/goodsview/20221222/gv00000469483_1.jpg","check_point":"","tip_img":"https://img-cf.kurly.com/shop/data/goodsview/20201204/gv30000140778_1.jpg,https://img-cf.kurly.com/shop/data/goodsview/20201204/gv30000140781_1.jpg","tip":"중량 기준으로 보내드려요\\n?신선식품 특성상 제품마다 원물의 크기 및 형태, 총 수량이 조금씩 다를 수 있으나 전체 중량은 500g 내외로 동일합니다.\\n과육이 쉽게 무를 수 있어요\\n?딸기 원물 특성상 간혹 표면이 눌리거나 짓무른 채 배송될 수 있어요. 제품 신선도와 품질에는 이상이 없는 점 알려드립니다.\\n?오래 놔두면 과육이 쉽게 터지거나 무를 수 있으니, 가급적 수령 직후에 바로 섭취해 주세요.\\n이렇게 배송해 드려요\\n?1단 포장 : 2단 포장 시 아랫단의 딸기가 눌리는 현상을 예방하고자 1단 포장을 시행하고 있어요.\\n?스티로폼 패킹 : 얇은 스티로폼 커버를 바닥과 딸기 사이에 넣어 짓무름을 방지하고 있어요.\\n이렇게 보관하세요\\n1. 짓무르거나 멍이 든 딸기가 있는지 확인하세요.\\n2. 밀폐용기 바닥에 키친타월을 한 겹 깔아주세요.\\n3. 딸기를 세척하지 않은 상태로, 꼭지가 아래를 향하도록 나란히 세워주세요.\\n4. 딸기끼리 서로 닿지 않도록 키친타월로 칸막이를 만들어주세요.\\n5. 밀폐용기 뚜껑을 닫지 말고, 키친타월만 살짝 덮어준 상태에서 냉장 보관하세요.\\n이렇게 세척하세요\\n?흐르는 물로 가볍게 헹궈주세요. 물에 오래 담가두거나 문질러 세척하면 딸기 특유의 맛과 향, 영양소가 쉽게 파괴될 수 있습니다.\\n?베이킹소다, 과일 세정제 등을 푼 물에 담갔다가 꺼내 흐르는 물로 헹궈주셔도 좋아요","detail_img":"https://img-cf.kurly.com/shop/data/goodsview/20221227/gv10000453180_1.jpg,https://img-cf.kurly.com/shop/data/goodsview/20221219/gv00000467992_1.jpg"}
,
{"num":"4","item_name":"[KF365] 유명산지 고당도사과 1.5kg (5~6입)","description_img":"https://img-cf.kurly.com/shop/data/goodsview/20220928/gv40000431797_1.jpg","title":"아무리 친근한 과일이라도 맛이 없으면 즐겨 먹을 수 없겠죠. 컬리가 가장 맛있는 상태의 고당도 사과를 엄선해왔습니다. 전국 각지 맛 좋은 사과를 생산하는 지역을 찾아 공수해왔어요. 당도 13brix 이상의 달콤한 사과로 선별해 문 앞까지 전해 드린답니다. 깨끗이 씻어 껍질째 베어 물어도 좋고, 주스나 샐러드 토핑으로도 활용해 보세요. 아삭아삭한 식감과 산뜻한 단맛이 기분까지 좋게 만들어줄 거예요.","check_point_img":"https://img-cf.kurly.com/shop/data/goodsview/20220928/gv30000431798_1.jpg,https://img-cf.kurly.com/shop/data/goodsview/20221117/gv00000453156_1.jpg","check_point":"","tip_img":"","tip":"보관법\\n?키친타월이나 랩으로 감싼 뒤 냉장 보관하세요. 가급적 빠른 시일 내에 드셔야 사과의 맛을 제대로 느낄 수 있어요.\\nTip. 사과의 에틸렌 성분이 다른 채소와 과일의 숙성을 촉진시킬 우려가 있으므로 되도록 분리해서 보관하세요.\\n세척법\\n?베이킹소다, 과일세정제 등을 푼 물에 담갔다가 꺼내 흐르는 물로 깨끗하게 세척하세요.\\nTip. 세척 후 마른 수건 등으로 표면을 잘 닦아주세요. 여러 번 닦아내면 표면에 광택이 자르르 흐르는 모습을 확인할 수 있어요.","detail_img":"https://img-cf.kurly.com/shop/data/goodsview/20221208/gv20000464944_1.jpg,https://img-cf.kurly.com/shop/data/goodsview/20220928/gv10000431799_1.jpg"}
,
{"num":"5","item_name":"땅끝 해남 쌀 10kg","description_img":"https://img-cf.kurly.com/shop/data/goodsview/20200625/gv20000103608_1.jpg","title":"깨끗한 물과 풍성한 햇빛이 어우러진 해남, 땅끝에서 전해온 첫사랑 백미를 소개할게요. 비옥한 간척지에서 길러낸 국내산 쌀을 혼합 품종으로 담아냈어요. 적당한 찰기와 씹는 맛, 여기에 은은하게 번지는 달짝지근함까지 갖췄습니다. 따끈하게 밥으로 지어내면, 부드러운 밥맛을 전해줄 거랍니다. 넉넉하게 두고 드시기 좋은 양으로 준비했으니, 편안하게 두고 먹는 쌀로 담아가 보세요.","check_point_img":"https://img-cf.kurly.com/shop/data/goodsview/20200625/gv30000103609_1.jpg","check_point":"","tip_img":"","tip":"보관법\\n?쌀은 신선식품이예요. 개봉 후에는 반드시 밀폐 가능한 용기에 옮겨 보관하세요.\\n?직사광선과 습기를 피해 서늘한 곳에서 보관하세요. 장기 보관 시에는 반드시 냉장 또는 냉동 보관해 주세요.\\nTip. 잘 건조된 고추, 마늘, 사과 등을 함께 보관하면 쌀의 신선도 유지에 도움을 줄 수 있어요.\\n조리법\\n1. 쌀을 씻은 후 물의 양은 1.3배로 잡아주세요.\\n2. 하절기에는 30분, 동절기에는 40분 정도 불려주세요.\\n3. 처음에는 중약불로 끓여주다가, 물이 졸아들었을 때 약불로 줄여주세요.\\n4. 불을 내린 뒤 10~15분 정도 뜸을 들인 후 주걱으로 휘저어 주세요.","detail_img":"https://img-cf.kurly.com/shop/data/goodsview/20211228/gv40000262743_1.jpg"}
,
{"num":"6","item_name":"[귤림원] 당도선별 GAP 하우스 감귤 1kg","description_img":"https://img-cf.kurly.com/shop/data/goodsview/20210312/gv20000164925_1.jpg","title":"하나씩 까먹다 보면 금세 빈 바구니를 보곤 하는 과일, 바로 감귤이죠. 상큼달콤한 귤을 조금 더 만나보고 싶으신 분이라면, 귤림원의 감귤을 선택해보세요. 당도 11brix 이상의 귤을 꼼꼼하게 선별하여 담아냈어요. 덕분에 산뜻하고 기분 좋은 향을 느낄 수 있답니다. 생과일은 물론, 디저트의 토핑으로도 제격일 거에요.","check_point_img":"https://img-cf.kurly.com/shop/data/goodsview/20210312/gv30000164926_1.jpg","check_point":"","tip_img":"","tip":"구입 전 참고사항\\n?신선제품 특성상 제품마다 크기, 형태 및 모양이 조금씩 다를 수 있습니다.\\n보관법\\n?신맛이 강하다면 실온에서 1~2일 정도 후숙한 뒤 드세요.\\n?통풍이 잘 되고 서늘한 곳에 보관하세요.\\nTip. 귤이 서로 맞닿지 않도록 신문지나 키친타월 등으로 감싸주세요. 껍질이 무르지 않고 더욱 오래 보관할 수 있어요.\\n세척법\\n?베이킹소다, 과일 세정제를 푼 물에 가볍게 담갔다가 꺼내 흐르는 물로 세척해 주세요.","detail_img":"https://img-cf.kurly.com/shop/data/goodsview/20210312/gv00000164929_1.jpg,https://img-cf.kurly.com/shop/data/goodsview/20220516/gv10000315751_1.jpg"}
,
{"num":"7","item_name":"조선향미 8kg","description_img":"https://img-cf.kurly.com/shop/data/goodsview/20191224/gv40000075211_1.jpg","title":"조선향미는 밥 짓는 냄새만 맡아도 바로 알아챌 수 있을 만큼 팝콘처럼 구수한 특유의 향을 자랑하지요. 찰지고 윤기가 차르르 도는 밥맛이 그리운 날 조선향미로 특별히 밥을 지어 먹곤 하다가, 어느새 조선향미에 완전히 정착하게 된 집도 있을 거예요. 컬리는 주식으로 먹는 조선향미를 작은 용량으로 자주 구비하기 번거로웠을 분들을 위해 8kg 대용량 제품을 선보입니다. 마음까지 넉넉해지는 대용량 제품을 주방에 들여놓고, 그 자체로 품격있는 쌀밥을 마음껏 즐겨보세요.","check_point_img":"https://img-cf.kurly.com/shop/data/goodsview/20191224/gv20000075212_1.jpg,https://img-cf.kurly.com/shop/data/goodsview/20191224/gv40000075213_1.jpg","check_point":"고품격 쌀, 조선향미\\n?우리는 예부터 유독 쌀밥과 인연이 깊습니다. 국내 요리만화의 기념비적인 작품 <식객>에는 ‘밥상의 주인은 밥이다’라는 표현이 등장하는데 어찌나 공감이 되던지요. 오늘의 주인공 조선향미는 우수한 향 유전자를 가진 벼와, 품질이 높은 쌀의 품종을 육성한 고기능성 제품이에요. 20년 넘게 밥맛의 질을 높이기 위한 고민들이 모여 훌륭한 쌀을 빚어냈어요. 특허등록과 품종보호권 등록까지 모두 마친 양질미 단일 품종이라 더욱 안심하고 드실 수 있습니다.","tip_img":"https://img-cf.kurly.com/shop/data/goodsview/20191224/gv20000075215_1.jpg","tip":"조선향미 맛있게 즐기기\\n?일반 쌀로 밥을 지을 땐 보통 손등까지 물이 차게 하지만, 조선향미는 손가락 마디 관절까지만 물을 넣습니다. 중소립종으로 쌀알이 타 품종보다 작고 균일하므로, 10~15% 정도 물을 적게 넣어야 해요. 또한 오래 불리지 않아도 맛있습니다.\\n?특별한 반찬 없이 김 위에 올려 간장만 살짝 찍어 먹어도 맛있어요.","detail_img":"https://img-cf.kurly.com/shop/data/goodsview/20191224/gv30000075217_1.jpg,https://img-cf.kurly.com/shop/data/goodsview/20220623/gv40000330203_1.jpg"}
,
{"num":"8","item_name":"청송 사과 1.5kg (5~7입)","description_img":"https://img-cf.kurly.com/shop/data/goodsview/20201230/gv20000147906_1.jpg","title":"전국의 사과 명산지 중에서도 경북 청송은 손꼽히는 지역입니다. 낙동강 상류의 깨끗한 물이 모여들고, 낮과 밤의 일교차가 큰 덕분에 달고 아삭한 사과가 자라나지요. 이름 높은 청송 사과를 컬리가 준비했습니다. 한 번에 꼭 먹기 좋은 크기의 부사로만 담았답니다. 사과의 고장에서 전해 온 달콤함, 새빨간 껍질을 사각하게 베어물어보세요.","check_point_img":"https://img-cf.kurly.com/shop/data/goodsview/20201230/gv30000147907_1.jpg,https://img-cf.kurly.com/shop/data/goodsview/20221117/gv20000453155_1.jpg","check_point":"","tip_img":"https://img-cf.kurly.com/shop/data/goodsview/20211027/gv40000237763_1.jpg","tip":"안심하고 섭취하세요\\n?꼭지 주변이나 표면이 매끈하지 않을 수 있어요. 이는 재배 과정에서 나타나는 현상으로, 맛과 품질에는 이상이 없는 점 알려 드려요.\\n이렇게 보관하세요\\n?키친타월이나 랩으로 감싼 뒤 냉장 보관하세요. 가급적 빠른 시일 내에 드셔야 본연의 맛을 즐길 수 있습니다.\\nTip. 사과의 에틸렌 성분이 다른 채소와 과일의 숙성을 촉진시킬 우려가 있으므로 되도록 분리해서 보관하세요.\\n이렇게 세척하세요\\n?베이킹소다, 과일 세정제 등을 푼 물에 담갔다가 꺼내 흐르는 물로 깨끗하게 세척하세요.","detail_img":"https://img-cf.kurly.com/shop/data/goodsview/20221208/gv10000464943_1.jpg,https://img-cf.kurly.com/shop/data/goodsview/20221011/gv20000434878_1.jpg"}
,
{"num":"9","item_name":"[기획상품] 칠레산 블루베리 125g*3팩","description_img":"https://img-cf.kurly.com/shop/data/goodsview/20211229/gv20000263222_1.jpg","title":"빛을 받은 부분이 반질반질하게 빛나는 짙은 청색의 블루베리. 독특한 색깔과 새콤하면서도 달콤한 맛, 그리고 슈퍼푸드에 단 한 번도 빠지지 않고 선정되었다는 타이틀은 작은 블루베리를 다시 보게 만들어요. 컬리는 정성껏 재배한 칠레산 블루베리를 준비했는요. 블루베리 알이 잘 여물어 부드럽게 씹히는 식감이 좋답니다. 안토시아닌과 비타민E, 프테로스틸벤이 가득한 칠레산 블루베리를 생과로 즐겨보세요. 입안에 넣고 톡 깨물면 부드럽게 터져 나오는 과즙은 오직 생과로만 느낄 수 있는 특별함이죠.","check_point_img":"","check_point":"","tip_img":"","tip":"맛과 영양 모두를 잡는 방법\\n? 블루베리에 풍부한 비타민E는 유지방과 함께 먹으면 흡수율이 높아져요.\\n? 반대로 유제품은 블루베리에 부족한 칼슘과 지방을 보충해주죠.\\n? 플레인 요거트나 치즈케익에 블루베리 토핑을 얹으면 맛과 영양 밸런스가 잘 맞아요.\\n냉동 보관 및 활용법\\n? 수령 후 2~3일이 넘으면, 살짝 씻어 물기를 말린 후 밀폐 용기에 소분해 냉동 보관해주세요.\\n? 블루베리를 우유와 함께 갈면 든든한 스무디로 마실 수 있어요.\\n? 고기 양념에 설탕 대신 갈아 넣으면 잡내를 제거해주고 단맛을 내줘요.\\n? 담백한 크래커와도 잘 어울리니, 치즈를 바르고 블루베리를 얹어 와인과 곁들여보세요.","detail_img":"https://img-cf.kurly.com/shop/data/goodsview/20220106/gv20000264929_1.jpg"}

]
