[
{"num":"59","item_name":"[슈퍼말차] 블랙 말차 롤케이크","description_img":"https://img-cf.kurly.com/shop/data/goodsview/20230308/gv20000498842_1.jpg","title":"깔끔하고 트렌디한 패키지로 눈길을 사로잡는 슈퍼말차의 블랙 말차 롤케이크를 소개할게요. 코코아 분말과 국내산 흑미가루를 알맞게 배합해 만든 시트에 말차 크림을 채워 돌돌 말아낸 롤케이크랍니다. 전라남도 보성군의 유기농 말차를 사용해 쌉싸름하고 진한 풍미가 돋보이고요. 롤케이크 위에는 말차 코팅을 입혀 섬세하고도 향긋한 매력을 한층 살렸어요. 냉동 상태 그대로 시원하게 드셔도 좋고, 해동 후 촉촉하고 부드러운 식감을 즐겨 보세요. 커피나 차를 곁들이기에도 참 좋을 거예요.","check_point_img":"https://img-cf.kurly.com/shop/data/goodsview/20230308/gv40000498843_1.jpg,https://img-cf.kurly.com/shop/data/goodsview/20230308/gv40000499007_1.jpg","check_point":"","tip_img":"","tip":"\\n즐기는 법\\n?냉동 상태 그대로 시원한 아이스크림 샌드처럼 즐기거나, 3시간 이상 해동 후 부드럽고 촉촉하게 즐겨보세요.\\n보관법\\n?-18ºC 이하에서 냉동 보관하세요.","detail_img":"https://img-cf.kurly.com/shop/data/goodsview/20230308/gv00000498846_1.jpg"}
,
{"num":"60","item_name":"[악소] 카이저 젬멜빵 (8개입)","description_img":"https://img-cf.kurly.com/shop/data/goodsview/20221201/gv30000459965_1.jpg","title":"한남동 골목의 작은 베이커리, 독일 현지식 빵으로 오랜 사랑을 받았던 악소를 이제 컬리에서 만나보세요. 카이저 젬멜은 독일과 오스트리아에서 즐겨 먹는 담백한 식사 빵인데요. 빵의 윗면이 바람개비처럼 갈라져 있는 것이 특징이에요. 바삭바삭한 겉면에 속은 폭신한 식감을 가지고 있답니다. 맛이 담백하고 기본에 충실한 빵이라 버터나 잼, 꿀과도 잘 어울리고요. 갖은 재료를 넣은 샌드위치용 빵으로도 훌륭하답니다. 에어프라이어에 살짝 구워 따끈한 빵을 즐겨보세요.","check_point_img":"https://img-cf.kurly.com/shop/data/goodsview/20221201/gv20000459966_1.jpg,https://img-cf.kurly.com/shop/data/goodsview/20221201/gv20000459968_1.jpg","check_point":"카이저 젬멜빵\\n?중량 : 1묶음(60g X 8봉)\\n?특징 : 바람개비를 닮은 독일식 식사 빵으로 담백한 맛을 가졌어요.","tip_img":"","tip":"\\n보관법\\n?-18ºC 이하의 냉동실에 보관해 주세요.\\n해동법\\n?냉장고에서 2시간 또는 상온에 30분 동안 충분히 해동해 주세요.\\n데우는 법\\n?해동한 내용물을 180ºC로 예열한 에어프라이어나 오븐에 넣고 약 2분 동안 데워 주세요.\\nTip. 전자레인지 조리는 권장하지 않아요. 겉은 바삭하고 속은 쫀득한 브뢰첸을 맛보기 위해서는 에어프라이어나 오븐 조리를 추천합니다.","detail_img":"https://img-cf.kurly.com/shop/data/goodsview/20221201/gv20000459967_1.jpg"}
,
{"num":"61","item_name":"[Picard] 브리오슈 프렌치 토스트","description_img":"https://img-cf.kurly.com/shop/data/goodsview/20230223/gv10000496017_1.jpg","title":"냉동식품에 대한 탁월한 노하우를 가진 프랑스 대표 식품 브랜드, 피카드의 브리오슈 프렌치 토스트를 만나 보세요. 프랑스의 전통 빵인 브리오슈에 계란물을 입힌 다음, 설탕을 묻혀 노릇하게 구워냈답니다. 브리오슈 특유의 부드러운 풍미와 카라멜라이징된 설탕의 진한 달콤함이 어우러져 대체할 수 없는 매력을 자랑해요. 솔티드 버터 카라멜 시럽을 함께 보내드리니 따뜻하게 데운 프렌치 토스트에 듬뿍 뿌려 드셔 보세요. 취향에 따라 과일이나 아이스크림을 곁들여 즐겨도 좋아요.","check_point_img":"https://img-cf.kurly.com/shop/data/goodsview/20230223/gv20000496018_1.jpg,https://img-cf.kurly.com/shop/data/goodsview/20230223/gv20000496019_1.jpg","check_point":"\\n브리오슈 프렌치 토스트\\n?구성 : ①브리오슈 프렌치 토스트(70g X 2개), ②솔티드 버터 카라멜 시럽(8g X 2봉)\\n?특징 : 식빵 대신 브리오슈로 만들어 부드러운 풍미와 폭신폭신한 식감이 살아있는 프렌치 토스트입니다. 간단한 브런치, 혹은 멋스러운 디저트로 즐겨 보세요.\\n?보관법 : -18°C 이하에서 냉동 보관하세요.","tip_img":"https://img-cf.kurly.com/shop/data/goodsview/20230223/gv20000496020_1.jpg","tip":"\\n해동법\\n?토스트 : 냉동 상태 그대로 구워도 무방하나, 상온에서 5~10분 정도 자연 해동 후 구우면 더욱 좋습니다. 해동 시간은 온도에 따라 달라질 수 있어요.\\n?시럽 : 드시기 전에 냉동실에서 시럽을 꺼내어 자연 해동해 주세요.\\n조리법\\n?프라이팬 조리 시 : 중불로 예열한 프라이팬에 토스트를 올리고 4분간 뒤집어가며 골고루 익혀 주세요.\\n?전자레인지 조리 시 : 전자레인지 전용 용기에 토스트를 담고 700W 기준 1분 15초, 900W 기준 1분간 데워 주세요.\\nTip. 조리 기기의 제조사 및 종류에 따라 성능 차이가 있을 수 있으니 온도와 시간을 적당히 조절해 주세요.\\n활용팁\\n?딸기, 블루베리, 바나나 등의 과일과 부드러운 크림을 곁들여 더욱 풍성하게 즐겨 보세요. 시원한 아이스크림과 함께 드셔도 좋아요.","detail_img":"https://img-cf.kurly.com/shop/data/goodsview/20230223/gv40000496024_1.jpg"}
,
{"num":"62","item_name":"[훕훕베이글] 시그니처 베이글 12종 (택1)","description_img":"https://img-cf.kurly.com/shop/data/goodsview/20230216/gv40000491355_1.jpg","title":"크림치즈나 잼을 준비하지 않아도 좋은 훕훕베이글의 시그니처 베이글을 소개할게요. 퐁신한 베이글에 크림치즈와 과채, 잼을 비롯한 다채로운 재료들을 가득 담아 만들었답니다. 한 입을 베어물어 보면, 고소한 빵 사이로 전해오는 재료들의 하모니가 조화롭게 퍼지지요. 달콤한 과일잼이 든 디저트 베이글부터 치즈, 베이컨의 짭조름한 매력을 더한 간식 베이글까지 다채롭게 준비했으니 취향에 맞게 골라 즐겨 보세요.","check_point_img":"https://img-cf.kurly.com/shop/data/goodsview/20230216/gv00000491358_1.jpg,https://img-cf.kurly.com/shop/data/goodsview/20230216/gv30000491360_1.jpg,https://img-cf.kurly.com/shop/data/goodsview/20230216/gv30000491364_1.jpg,https://img-cf.kurly.com/shop/data/goodsview/20230216/gv00000491366_1.jpg,https://img-cf.kurly.com/shop/data/goodsview/20230216/gv40000491369_1.jpg","check_point":"\\n01. 딸기러버 베이글\\n?중량 : 1개(155g)\\n?특징 : 새콤달콤한 딸기잼과 크림치즈를 채워 넣은 베이글이에요. 백년초가루로 색을 낸 마블이 눈길을 사로잡아요.\\n02. 블루베리러버 베이글\\n?중량 : 1개(160g)\\n?특징 : 블루베리잼과 건블루베리를 크림치즈와 함께 채워 넣었어요. 블루베리 알갱이의 식감까지 즐길 수 있어요.\\n03. 딥초콜릿 베이글\\n?중량 : 1개(140g)\\n?특징 : 초코 베이글 속에 초콜릿 필링이 들어 있어 더욱 달콤한 베이글이에요. 초콜릿의 풍미가 은은하게 배어나옵니다.\\n04. 크리미무화과 베이글\\n?중량 : 1개(180g)\\n?특징 : 크림치즈와 건조 무화과를 넣어 구운 베이글이에요. 달큰하면서도 쫄깃한 무화과와 크림치즈의 궁합이 좋아요.\\n05. 치즈타이거 베이글\\n?중량 : 1개(160g)\\n?특징 : 베이글 겉면에는 체다치즈를 토핑해 모양을 내고, 속에는 에멘탈, 고다, 체다 치즈 등을 배합해 넣어 진한 치즈맛을 완성했어요.\\n06. 베이커니언 베이글\\n?중량 : 1개(155g)\\n?특징 : 베이컨을 넣은 크림치즈로 색다른 맛을 냈어요. 빵 사이사이에 양파칩이 들어 있어 감칠맛이 더욱 좋습니다.\\n07. 앙 치즈 베이글\\n?중량 : 1개(175g)\\n?특징 : 고소한 크림치즈와 팥 앙금을 넣어 완성한 베이글이에요. 촉촉하고 부드러워 누구나 즐기기 좋답니다.\\n08. 블루베리모어 베이글\\n?중량 : 1개(125g)\\n?특징 : 건조 블루베리를 넣어 산뜻한 풍미를 더했어요. 쫄깃하게 씹히는 식감이 매력적이에요.\\n09. 어니언치즈 베이글\\n?중량 : 1개(120g)\\n?특징 : 어니언칩과 치즈로 짭조름한 맛을 더한 어니언치즈 베이글이에요. 그대로 구워만 드셔도 좋답니다.\\n10. 베리앤넛츠 베이글\\n?중량 : 1개(125g)\\n?특징 : 통밀반죽에 호두, 참깨, 검정깨를 넣어 씹을수록 고소한 맛이 전해져요. 여기에 상큼한 크랜베리를 첨가해 지루하지 않게 즐길 수 있답니다.\\n11. 티라미수 베이글\\n?중량 : 1개(155g)\\n?특징 : 크림치즈와 화이트초콜릿, 커피가루 등을 첨가한 베이글이에요. 티라미수의 달콤, 쌉싸름한 풍미를 그대로 담았냈지요.\\n12. 올리브치즈 베이글\\n?중량 : 1개(150g)\\n?특징 : 그린 올리브와 자연 치즈의 산뜻한 조화가 매력적이에요. 샌드위치로 활용하기 제격이랍니다.","tip_img":"","tip":"\\n데우는 법\\n?전자레인지에 10~20초간 데워 드시거나, 180℃로 예열한 오븐에서 1~2분간 데워 주세요.\\nTip. 냉동실에 보관하셨을 경우, 상온에서 1~2시간 정도 해동 후 데워 주세요.\\n보관법\\n?상온에 보관하시고, 수령 후 가급적 빠르게 드세요.\\n?바로 드시지 않을 경우에는 밀봉 상태로 냉동 보관을 권장드립니다.","detail_img":"https://img-cf.kurly.com/shop/data/goodsview/20230306/gv30000498444_1.jpg"}
,
{"num":"63","item_name":"[훕훕베이글] 플레인 베이글 4종 (택1)","description_img":"https://img-cf.kurly.com/shop/data/goodsview/20230217/gv20000491761_1.jpg","title":"어느덧 우리의 일상 가까이에 다가온 베이글, 바쁜 아침이나 나른한 오후에 특히나 떠오르곤 하는데요. 간단한 식사는 물론 든든한 간식으로 즐길 수 있는 훕훕베이글의 플레인 베이글을 소개합니다. 기본에 충실하게 구워 담백한 맛을 자랑하는 오리지널 베이글과 고소한 풍미 가득한 통밀 베이글, 두 가지 종류를 선보여요. 1개입, 5개입으로 준비했으니 필요한 만큼 담아 보세요.","check_point_img":"https://img-cf.kurly.com/shop/data/goodsview/20230217/gv40000491762_1.jpg,https://img-cf.kurly.com/shop/data/goodsview/20230217/gv40000491765_1.jpg,https://img-cf.kurly.com/shop/data/goodsview/20230217/gv30000491763_1.jpg,https://img-cf.kurly.com/shop/data/goodsview/20230217/gv40000491764_1.jpg","check_point":"\\n01~02. 오리지널 베이글\\n?선택가이드 : ①1개(115g), ②1묶음(115g X 5개입) 중 선택하세요.\\n?특징 : 기본이 되는 베이글로, 담백하고 고소한 풍미를 갖췄어요. 살짝 구워 샌드위치 등으로 활용하기에도 좋아요.\\n03~04. 통밀 베이글\\n?선택가이드 : ①1개(115g), ②1묶음(115g X 5개입) 중 선택하세요.\\n?특징 : 유기농 통밀가루를 더해 곡물의 구수한 맛을 살린 베이글이에요. 식사빵, 브런치 등으로 다양하게 즐겨 보세요.","tip_img":"","tip":"\\n데우는 법\\n?전자레인지에 10~20초간 데워 드시거나, 180℃로 예열한 오븐에서 1~2분간 데워 주세요.\\nTip. 냉동실에 보관하셨을 경우, 상온에서 1~2시간 정도 해동 후 데워 주세요.\\n보관법\\n?상온에 보관하시고, 수령 후 가급적 빠르게 드세요.\\n?바로 드시지 않을 경우에는 밀봉 상태로 냉동 보관을 권장드립니다.","detail_img":"https://img-cf.kurly.com/shop/data/goodsview/20230306/gv40000498446_1.jpg"}
,
{"num":"64","item_name":"[훕훕베이글] 유기농 베이글 4종 (택1)","description_img":"https://img-cf.kurly.com/shop/data/goodsview/20230217/gv20000491751_1.jpg","title":"어느덧 우리의 일상 가까이에 다가온 베이글, 바쁜 아침이나 나른한 오후에 특히나 떠오르곤 하는데요. 이번에는 유기농 인증을 받아 안심하고 먹을 수 있는 훕훕베이글을 만나보세요. 유기농 밀가루와 통밀가루, 갈색 설탕을 사용해 원재료에 민감하신 분들도 걱정 없이 즐길 수 있지요. 기본에 충실힌 플레인 베이글과 씹을수록 고소함이 느껴지는 통밀 베이글, 두 가지 종류를 준비했으니 취향에 따라 선택해 보세요.","check_point_img":"https://img-cf.kurly.com/shop/data/goodsview/20230217/gv30000491752_1.jpg,https://img-cf.kurly.com/shop/data/goodsview/20230217/gv40000491755_1.jpg,https://img-cf.kurly.com/shop/data/goodsview/20230217/gv30000491753_1.jpg,https://img-cf.kurly.com/shop/data/goodsview/20230217/gv30000491754_1.jpg","check_point":"\\n01~02. 유기농 플레인 베이글\\n?선택가이드 : ①1개(115g), ②1묶음(115g X 5개입) 중 선택하세요.\\n?특징 : 유기농 밀가루와 갈색설탕, 소금으로 깔끔하게 만든 베이글이에요. 담백하고 고소한 풍미를 갖췄어요.\\n03~04. 유기농 통밀 베이글\\n?선택가이드 : ①1개(115g), ②1묶음(115g X 5개입) 중 선택하세요.\\n?특징 : 유기농 통밀가루를 더해 곡물의 구수한 맛을 살린 베이글이에요. 식사빵, 브런치 등으로 다양하게 즐겨 보세요.","tip_img":"","tip":"\\n데우는 법\\n?전자레인지에 10~20초간 데워 드시거나, 180℃로 예열한 오븐에서 1~2분간 데워 주세요.\\nTip. 냉동실에 보관하셨을 경우, 상온에서 1~2시간 정도 해동 후 데워 주세요.\\n보관법\\n?상온에 보관하시고, 수령 후 가급적 빠르게 드세요.\\n?바로 드시지 않을 경우에는 밀봉 상태로 냉동 보관을 권장드립니다.","detail_img":"https://img-cf.kurly.com/shop/data/goodsview/20230306/gv40000498445_1.jpg"}
,
{"num":"65","item_name":"[훕훕베이글] 베이글 샌드 2종 (택1)","description_img":"https://img-cf.kurly.com/shop/data/goodsview/20230216/gv10000490944_1.jpg","title":"어느덧 우리의 일상 가까이에 다가온 베이글, 바쁜 아침이나 나른한 오후에 특히나 떠오르곤 하는데요. 이번에는 베이글에 크림치즈와 콩포트를 도톰히 채워 만든 베이글 샌드를 소개할게요. 크림치즈에 가나슈와 바닐라빈을 더해 산뜻한 달콤함이 돋보이는 것은 물론이고요. 과일 본연의 맛을 살려 완성한 콩포트는 상큼한 매력을 더해주지요. 별도로 크림치즈나 스프레드를 준비할 필요 없이 그대로 즐길 수 있어 간편하답니다. 무화과, 블루베리 2가지 종류를 준비했으니 취향에 맞게 선택해 보세요.","check_point_img":"https://img-cf.kurly.com/shop/data/goodsview/20230216/gv20000491256_1.jpg,https://img-cf.kurly.com/shop/data/goodsview/20230216/gv30000490945_1.jpg","check_point":"\\n01. 베이글 샌드 무화과 통밀\\n?중량 : 1개(120g)\\n?특징 : 고소한 통밀 베이글에 크림치즈와 무화과 콩포트를 더해 완성했어요. 달달하면서도 톡톡 터지는 무화과의 식감이 매력적이랍니다.\\n02. 베이글 샌드 블루베리\\n?중량 : 1개(110g)\\n?특징 : 베이글에 크림치즈와 블루베리 콩포트를 더해 완성했어요. 블루베리 본연의 진한 달콤함과 베이글의 담백함이 잘 어우러져요.","tip_img":"","tip":"\\n보관법\\n?0~10ºC에서 냉장 보관하세요.\\n즐기는 법\\n?그대로 드시거나, 전자레인지 전용 용기에 담아 10초간 데워 따뜻하게 즐겨보세요.","detail_img":"https://img-cf.kurly.com/shop/data/goodsview/20230216/gv10000491257_1.jpg"}
,
{"num":"66","item_name":"[빙그레] 엑설런트 오리지널 바닐라롤 340g","description_img":"https://img-cf.kurly.com/shop/data/goodsview/20230208/gv10000488514_1.jpg","title":"네모 반듯한 모양새와 달콤한 맛으로 오랜 시간 사랑받아 온 엑설런트. 누구나 좋아하는 클래식한 그 맛을 롤케이크로 재해석해 선보여요. 케이크 시트에 마스카포네 치즈로 만든 크림을 풍성히 채워 엑설런트 아이스크림의 풍미를 오롯이 구현했답니다. 달걀 흰자와 노른자를 분리해 거품을 내는 별립법으로 반죽한 시트는 한층 더 가볍고 부드럽고요. 밀도 높은 달콤함과 향긋함이 폭신하게 어우러지죠. 개별 포장된 바닐라롤 2개를 보내드리니, 취향껏 해동해 즐겨 보세요.","check_point_img":"https://img-cf.kurly.com/shop/data/goodsview/20230208/gv10000488516_1.jpg","check_point":"","tip_img":"","tip":"\\n맛있게 즐기는 법\\n?상온에서 15~20분간 해동해 시원한 아이스 디저트로 즐겨보세요.\\n?냉장고에서 1~2시간 해동하면 부드러운 식감이 한층 살아난답니다.\\n보관법\\n?-18ºC 이하에서 냉동 보관하세요.","detail_img":"https://img-cf.kurly.com/shop/data/goodsview/20230208/gv20000488524_1.jpg"}
,
{"num":"67","item_name":"[그릭데이] 저당 크림빵 3개입","description_img":"https://img-cf.kurly.com/shop/data/goodsview/20230214/gv00000490609_1.jpg","title":"꾸덕하고 쫀득한 그릭요거트로 사랑받고 있는 그릭데이가 이번에는 고소하고 산뜻한 풍미를 담은 크림빵으로 컬리를 찾아왔어요. 국내산 우유로 만든 유크림에 그릭요거트 분말을 더해 상큼하고 쫀쫀한 크림을 자랑하는 제품이에요. 브리오슈 번을 사용해 폭신하고 부드러운 식감 또한 돋보인답니다. 에리스리톨로 은은한 달콤함을 살린 것은 물론, 1개 당 당류가 4g으로 부담 없이 즐길 수 있지요. 살짝만 해동해 아이스크림처럼 시원하게 드셔 보세요.","check_point_img":"https://img-cf.kurly.com/shop/data/goodsview/20230214/gv00000490616_1.jpg,https://img-cf.kurly.com/shop/data/goodsview/20230214/gv20000490614_1.jpg","check_point":"","tip_img":"","tip":"\\n즐기는 법\\n?실온에서 살짝만 해동 후 아이스크림처럼 시원하게 즐기거나, 완전히 해동해 부드럽게 즐겨보세요.\\n?해동된 빵은 오래 두면 식감이 다소 눅눅해질 수 있으니, 최대한 빠르게 드시는 것을 권장 드려요.\\n보관법\\n?-18ºC 이하에서 냉동 보관하세요.","detail_img":"https://img-cf.kurly.com/shop/data/goodsview/20230214/gv00000490613_1.jpg"}

]
