[
{"num":"48","item_name":"[KF365] 양념 소불고기 1kg (냉장)","description_img":"https://img-cf.kurly.com/shop/data/goodsview/20210804/gv00000208742_1.jpg","title":"호불호 없는 메인 요리를 꼽자면 양념 소불고기가 빠지지 않을 거예요. 달짝지근한 양념이 고루 밴 야들한 소불고기는 온 가족 밥반찬으로 딱 좋은 식재료인데요. 컬리는 맛 좋은 소불고기를 부담 없이 즐길 수 있도록 넉넉한 1kg 대용량으로 준비했어요. 육가공 전문 브랜드, 견우푸드와 손 잡고 질 좋은 소고기에 너무 짜거나 달지 않은 은근한 감칠맛을 입혀 완성했답니다. 냉장고에 구비해두고 마땅한 반찬이 떠오르지 않는 순간, 언제든지 꺼내 즐겨보세요. 명절 음식으로 활용하기에도 제격일 거에요.","check_point_img":"https://img-cf.kurly.com/shop/data/goodsview/20210804/gv20000208743_1.jpg","check_point":"","tip_img":"","tip":"\\n보관법\\n?-2~10℃에서 냉장 보관하세요. 신선한 상태로 보내드리는 냉장육이므로, 수령 후 가급적 빠른 시일 내에 섭취하는 것이 좋습니다.","detail_img":"https://img-cf.kurly.com/shop/data/goodsview/20220217/gv40000281235_1.jpg"}
,
{"num":"49","item_name":"[KF365] 1+등급 무항생제 특란 20구","description_img":"https://img-cf.kurly.com/shop/data/goodsview/20201015/gv40000127564_1.jpg","title":"매일 같이 식탁에 오르는 식재료인 만큼 믿고 살 수 있는 달걀을 찾고 있는 분이라면 KF365가 선보이는 1+등급 특란을 만나보세요. 1+, 1, 2, 3등급 계란의 품질을 나누는 네 가지의 등급 중에서 1+등급의 품질을 유지하기 위해 닭의 스트레스를 줄이는 사육 환경을 제공하고 사료를 관리하는 것은 물론, 닭의 주령까지 꼼꼼하게 관리하죠. 거기에 무항생제 인증까지 받은 달걀이니 믿고 선택하실 수 있을 거예요. 1+등급 특란 20구로 넉넉하게 즐겨보세요.","check_point_img":"https://img-cf.kurly.com/shop/data/goodsview/20201015/gv30000127565_1.jpg,https://img-cf.kurly.com/shop/data/goodsview/20201015/gv00000127592_1.jpg","check_point":"","tip_img":"","tip":"\\n달걀, 꼼꼼하게 따져보세요\\n?닭이 자라는 환경은 어떤가요?\\n현재 케이지를 도입하고 있기 때문에 사육환경번호 4번에 해당합니다. 그러나 일반적으로 상상할 수 있는 케이지 농가가 아닌, 위생적이고 혁신적인 스마트팜이에요. 온도, 습도, 일조량, 계분 처리 등을 최첨단으로 관리하여 스트레스를 최소화하고 달걀의 안전도 지키고 있습니다.\\n\\n?닭에게 무엇을 먹이나요?\\n유산균을 비롯한 비타민 E, 칼슘 등 영양성분이 뛰어난 사료를 맞춤형으로 제공해요. 항생제와 산란촉진제 등이 포함돼 있지 않은 사료를 급여해 무항생제 인증을 받았어요.\\n\\n?세척한 달걀인가요?\\n달걀 껍질에 묻은 분뇨를 세척한 뒤 냉장으로 유통합니다.\\n\\n?안전한 달걀인지 검사를 하나요?\\n주기적인 자가품질검사를 통해 농약, 항생제 등이 잔류하지 않는지 테스트하고 있어요.\\n산란일과 유통기한\\n?산란한지 10일 이내의 달걀을 보내드려요. 유통기한은 산란일자로부터 약 한 달간입니다. 단, 보관 상태에 따라 섭취 가능 기한은 달라질 수 있어요.","detail_img":"https://img-cf.kurly.com/shop/data/goodsview/20221020/gv20000438253_1.jpg"}
,
{"num":"50","item_name":"[브룩클린688] 호주산 목초육 치마살 구이용 300g (냉장)","description_img":"https://img-cf.kurly.com/shop/data/goodsview/20200821/gv00000115282_1.jpg","title":"호주 멜버른 브룩클린에는 세계적인 육류가공업체인 JBS그룹의 육가공장, 688 가공장이 있습니다. 최첨단 처리 시설을 갖춘 이 공장에서 생산되는 브룩클린688을 만나보세요. 좋은 품질과 합리적인 가격을 자랑하는 브랜드이죠. 고깃결이 곱고 일정해 부드러운 식감을 느낄 수 있는 치마살을 만나보세요. 소금과 후추를 더해 가볍게 구워내는 것만으로 충분하답니다. 촉촉하게 배어 나오는 육즙과 야들야들한 질감이 식사의 만족도를 한층 끌어올려 줄 거예요.","check_point_img":"https://img-cf.kurly.com/shop/data/goodsview/20200821/gv20000115287_1.jpg,https://img-cf.kurly.com/shop/data/goodsview/20200821/gv30000115283_1.jpg","check_point":"","tip_img":"https://img-cf.kurly.com/shop/data/goodsview/20210513/gv20000183220_1.jpg","tip":"목초육 치마살\\n?중량 : 1팩(300g)\\n?특징 : 소 양지 부위 중 소 뒷다리 쪽에 가까운 치마살만을 담았습니다. 쫀득하고 육즙이 많아요.\\n?보관법 : 수령 즉시 -2~10°C에서 냉장 보관하세요.","detail_img":"https://img-cf.kurly.com/shop/data/goodsview/20220222/gv40000282831_1.jpg"}
,
{"num":"51","item_name":"[Kurly's] 동물복지 유정란 20구","description_img":"https://img-cf.kurly.com/shop/data/goodsview/20200622/gv00000097850_1.jpg","title":"매일 먹는 달걀, 조금 더 꼼꼼히 골라볼까요. 양계 분야의 전문가로 손꼽히는 브랜드 조인과 컬리가 함께 기획한 동물복지 달걀입니다. 닭의 스트레스를 줄여주는 쾌적한 환경을 제공함은 물론, 항생제나 산란 촉진제는 일절 사용하지 않았어요. 까다로운 동물복지 인증과 무항생제 인증까지 모두 획득한 달걀이니 믿고 드셔도 좋습니다. 컬리가 고른 동물복지 유정란, 그 건강한 맛을 담아가 보세요.","check_point_img":"https://img-cf.kurly.com/shop/data/goodsview/20200528/gv10000097904_1.jpg,https://img-cf.kurly.com/shop/data/goodsview/20191023/gv20000065724_1.jpg,https://img-cf.kurly.com/shop/data/goodsview/20190801/gv00000056288_1.jpg","check_point":"","tip_img":"","tip":"\\n동물복지 유정란 20구\\n?닭이 자라는 환경은 어떤가요?\\n사육환경번호 2번, 평사입니다. 동물복지 인증 기준을 충족하는 축사에서 닭들이 자유롭게 움직이며 자라요.\\n?닭에게 무엇을 먹이나요?\\n자체 배합한 곡물 사료를 먹입니다. 항생제와 산란촉진제 등이 포함돼 있지 않은 사료를 급여해 무항생제 인증을 받았어요.\\n?세척한 달걀인가요?\\n달걀 껍질에 묻은 분뇨 등을 세척한 뒤 냉장으로 유통합니다.\\n?안전한 달걀인지 검사를 하나요?\\n주기적인 자가품질검사를 통해 농약, 항생제 등이 잔류하지 않는지 테스트하고 있어요.\\n?산란일과 유통기한은?\\n산란한 지 10일 이내의 달걀을 보내드려요. 유통기한은 산란일자로부터 약 한 달간입니다. 단, 보관 상태에 따라 섭취 가능 기한은 달라질 수 있어요.","detail_img":"https://img-cf.kurly.com/shop/data/goodsview/20220528/gv20000321118_1.jpg"}
,
{"num":"52","item_name":"[KF365] 한돈 삼겹살 구이용 600g~ (냉장)","description_img":"https://img-cf.kurly.com/shop/data/goodsview/20221019/gv40000437625_1.jpg","title":"노릇하게 익힌 삼겹살은 언제 먹어도 만족스러운 음식이죠. 국내산 돼지고기의 삼겹살 부위를 구워 먹기 알맞은 두께로 준비했어요. 특유의 고소한 풍미는 물론이고, 야들한 식감까지 제대로 즐길 수 있지요. 두 가지 용량으로 준비했으니 필요에 맞게 선택해 보세요. 찌개 등의 요리에도 활용하기 좋답니다.","check_point_img":"https://img-cf.kurly.com/shop/data/goodsview/20221019/gv10000437626_1.jpg","check_point":"","tip_img":"https://img-cf.kurly.com/shop/data/goodsview/20210511/gv20000182421_1.jpg","tip":"\\n보관법\\n?냉장실에서 보관해 주세요.","detail_img":"https://img-cf.kurly.com/shop/data/goodsview/20230222/gv00000495605_1.jpg"}
,
{"num":"53","item_name":"[KF365] 1+ 한우 국거리 300g(냉장)","description_img":"https://img-cf.kurly.com/shop/data/goodsview/20220218/gv20000281737_1.jpg","title":"매일 구비해두는 기본 식재료로 소고기를 빼놓을 수 없지요. 건강한 품질의 소고기를 부담 없이 만나보고 싶도록, KF365의 1+한우 국거리를 준비했답니다. 깊고 담백한 국물을 우려내기에 좋은 부위만을 사용한 상품이에요. 육질까지 탄탄해 오래 끓여도 쉽게 풀어지지 않는답니다. 바로 조리하기 알맞은 크기로 손질했으니 간편하게 사용해 보세요.","check_point_img":"https://img-cf.kurly.com/shop/data/goodsview/20220218/gv20000281740_1.jpg,https://img-cf.kurly.com/shop/data/goodsview/20220218/gv40000281738_1.jpg","check_point":"","tip_img":"https://img-cf.kurly.com/shop/data/goodsview/20220218/gv30000281720_1.jpg","tip":"\\n보관법\\n?냉장실에 보관해 주세요.","detail_img":"https://img-cf.kurly.com/shop/data/goodsview/20221018/gv30000436962_1.jpg"}
,
{"num":"54","item_name":"[Kurly's] 동물복지 백색 유정란 20구","description_img":"https://img-cf.kurly.com/shop/data/goodsview/20200622/gv40000097846_1.jpg","title":"컬리가 고른 동물복지 유정란, 이번엔 백색란으로 만나보세요. 마음 놓고 넉넉하게 즐길 수 있는 컬리의 동물복지 백색 유정란 20구를 소개할게요. 양계 분야의 전문가로 손꼽히는 브랜드 조인과 컬리가 함께 기획한 동물복지 달걀입니다. 닭의 스트레스를 줄여주는 쾌적한 환경을 제공함은 물론, 항생제나 산란 촉진제는 일절 사용하지 않았어요. 까다로운 동물복지 인증과 무항생제 인증까지 모두 획득한 달걀이니 믿고 드셔도 좋습니다. 여기에 하얀 달걀이 주는 깨끗함까지 함께 담아가 보세요.","check_point_img":"https://img-cf.kurly.com/shop/data/goodsview/20200528/gv40000097900_1.jpg,https://img-cf.kurly.com/shop/data/goodsview/20191023/gv30000065665_1.jpg","check_point":"","tip_img":"https://img-cf.kurly.com/shop/data/goodsview/20190801/gv10000056298_1.jpg,https://img-cf.kurly.com/shop/data/goodsview/20201113/gv20000134743_1.jpg","tip":"동물복지 백색 유정란 20구\\n?닭이 자라는 환경은 어떤가요?\\n사육환경번호 2번, 평사입니다. 동물복지 인증 기준을 충족하는 축사에서 닭들이 자유롭게 움직이며 자라요.\\n?닭에게 무엇을 먹이나요?\\n자체 배합한 곡물 사료를 먹입니다. 항생제와 산란촉진제 등이 포함돼 있지 않은 사료를 급여해 무항생제 인증을 받았어요.\\n?세척한 달걀인가요?\\n달걀 껍질에 묻은 분뇨를 세척한 뒤 냉장으로 유통합니다.\\n?안전한 달걀인지 검사를 하나요?\\n주기적인 자가품질검사를 통해 농약, 항생제 등이 잔류하지 않는지 테스트하고 있어요.\\n?산란일과 유통기한은?\\n산란한 지 10일 이내의 달걀을 보내드려요. 유통기한은 산란일자로부터 약 한 달간입니다. 단, 보관 상태에 따라 섭취 가능 기한은 달라질 수 있어요.","detail_img":"https://img-cf.kurly.com/shop/data/goodsview/20220528/gv10000321119_1.jpg"}
,
{"num":"55","item_name":"[태우한우] 1+ 한우 안심 구이용 200g (냉장)","description_img":"https://img-cf.kurly.com/shop/data/goodsview/20171019/gv20000010009_1.jpg","title":"텐더로인(Tenderloin)이라고 불리기도 하는 안심은 단어로도 짐작할 수 있듯, 고기의 식감이 얼마나 부드럽기에 붙여진 이름인 지 알 수 있죠. 복강 안쪽에 위치한다고 하여 안심이라고 불리며, 운동량이 많지 않아 소고기 중 가장 결이 곱고 부드럽다고 해요. 소 한 마리에서 겨우 2~3% 정도 밖에 얻을 수 없는 고급 부위이기 때문에 그대로 구워 먹었을 때 진가를 잘 알 수 있죠. 담백하고 고소한 풍미를 자랑하는 태우 한우의 한우 1+ 안심을 구이로 즐겨보세요.","check_point_img":"https://img-cf.kurly.com/shop/data/goodsview/20180227/gv20000018655_1.jpg,https://img-cf.kurly.com/shop/data/goodsview/20200507/gv00000094382_1.jpg,https://img-cf.kurly.com/shop/data/goodsview/20171019/gv00000010011_1.jpg","check_point":"스킨 팩으로 한 층 더 신선하게\\n해외여행을 가게 되면 마켓 구경을 빼놓을 수 없는데요. 영국의 고급 식료품점 '막스 앤 스펜서'를 비롯한 많은 해외 마켓의 정육 코너에서 제품 표면에 밀착시켜 포장한 깔끔하고 고급스러운 상품들을 보신 적이 있을 거예요. 사실은 근사해 보이도록 포장한 것이 아니라, 상품의 유통기한과 보관을 위해 실용성을 더한 포장 방식이죠.\\n\\n이처럼 해외에서는 이미 스킨(Skin) 포장 방식이 많이 자리를 잡고 있어요. 피부처럼 제품 표면에 밀착시켰다고 하여 스킨 팩이라고 불리죠. 태우 한우는 냉동에만 가능했던 기존 방식을 냉장에 접목하고, 특수 공정을 추가해 제품의 열 손상 없이도 냉장 스킨이 가능한 기술을 보유하고 있어요. 이런 기술로 하여 최적의 맛과 품질은 물론이고, 감각적이고 트렌디한 패키지까지 탄생시키는 일석이조의 효과를 누리게 되었답니다.","tip_img":"https://img-cf.kurly.com/shop/data/goodsview/20171019/gv30000010013_1.jpg,https://img-cf.kurly.com/shop/data/goodsview/20171019/gv00000010018_1.jpg,https://img-cf.kurly.com/shop/data/goodsview/20210511/gv10000182290_1.jpg","tip":"","detail_img":"https://img-cf.kurly.com/shop/data/goodsview/20200717/gv30000107972_1.jpg"}
,
{"num":"56","item_name":"[KF365] 오리지널 바베큐폭립 1kg(500gX2EA)","description_img":"https://img-cf.kurly.com/shop/data/goodsview/20221103/gv40000435517_1.jpg","title":"근사한 비주얼부터 쏙 발라먹는 재미까지, 폭립을 즐겨 찾는 분들이 많으실 텐데요. 컬리가 간편하게 조리할 수 있는 오리지널 바베큐 폭립을 준비했어요. 두툼한 살코기는 물론이고, 달콤 짭짤한 소스가 고루 배어 들어 맛있게 즐길 수 있답니다. 넉넉한 용량으로 담은 상품이니 손님 맞이를 위한 요리로도 준비해 보세요.","check_point_img":"https://img-cf.kurly.com/shop/data/goodsview/20221012/gv20000435519_1.jpg","check_point":"","tip_img":"https://img-cf.kurly.com/shop/data/goodsview/20221103/gv10000445202_1.jpg","tip":"\\n보관\\n?-18℃ 이하에서 냉동 보관해 주세요.\\n해동법\\n?조리 전 냉장실에 넣고 12~24시간 정도 충분히 해동해 주세요.\\n조리법\\n?전자레인지 조리법 : 해동한 내용물과 소스를 전자레인지 전용 용기에 담고 5분간 데워 드세요.\\n?오븐 조리법 : 해동한 내용물에 소스를 펴바른 후, 호일로 감싸 200℃에서 10분간 조리하세요. 호일을 벗기고 5분간 더 데워 주세요.\\n?바베큐 조리 : 해동한 내용물을 꺼내서 소스를 펴바른 후, 뒤집기를 반복하며 약 7분간 타지 않게 조리해 주세요.\\n?에어프라이어 조리 : 해동한 내용물을 에어프라이어에 넣고 200℃에서 앞뒤로 4분씩 조리해 주세요.","detail_img":"https://img-cf.kurly.com/shop/data/goodsview/20221012/gv40000435520_1.jpg"}
,
{"num":"57","item_name":"[KF365] 1+등급 무항생제 대란 20구","description_img":"https://img-cf.kurly.com/shop/data/goodsview/20220303/gv10000285411_1.jpg","title":"매일 같이 식탁에 오르는 식재료인 만큼 믿고 살 수 있는 달걀을 찾고 있는 분이라면 KF365가 선보이는 1+등급 무항생제 대란을 만나보세요. 1+, 1, 2, 3등급 계란의 품질을 나누는 네 가지의 등급 중에서 1+등급의 품질을 유지하기 위해 닭의 스트레스를 줄이는 사육 환경을 제공하고 사료를 관리하는 것은 물론, 닭의 주령까지 꼼꼼하게 관리하죠. 거기에 무항생제 인증까지 받은 달걀이니 믿고 선택하실 수 있을 거예요. 20구 상품으로 준비했으니, 매일매일 신선하게 즐겨보세요.","check_point_img":"https://img-cf.kurly.com/shop/data/goodsview/20220303/gv20000285412_1.jpg","check_point":"","tip_img":"https://img-cf.kurly.com/shop/data/goodsview/20220303/gv00000285408_1.jpg","tip":"\\n달걀, 꼼꼼하게 따져보세요\\n?닭이 자라는 환경은 어떤가요?\\n현재 케이지를 도입하고 있기 때문에 사육환경번호 4번에 해당합니다. 그러나 일반적으로 상상할 수 있는 케이지 농가가 아닌, 위생적이고 혁신적인 스마트팜이에요. 온도, 습도, 일조량, 계분 처리 등을 최첨단으로 관리하여 스트레스를 최소화하고 달걀의 안전도 지키고 있습니다.\\n\\n?닭에게 무엇을 먹이나요?\\n유산균을 비롯한 비타민 E, 칼슘 등 영양성분이 뛰어난 사료를 맞춤형으로 제공해요. 항생제와 산란촉진제 등이 포함돼 있지 않은 사료를 급여해 무항생제 인증을 받았어요.\\n\\n?세척한 달걀인가요?\\n달걀 껍질에 묻은 분뇨를 세척한 뒤 냉장으로 유통합니다.\\n\\n?안전한 달걀인지 검사를 하나요?\\n주기적인 자가품질검사를 통해 농약, 항생제 등이 잔류하지 않는지 테스트하고 있어요.\\n산란일과 유통기한\\n?산란한지 10일 이내의 달걀을 보내드려요. 유통기한은 산란일자로부터 약 한 달간입니다. 단, 보관 상태에 따라 섭취 가능 기한은 달라질 수 있어요.","detail_img":"https://img-cf.kurly.com/shop/data/goodsview/20221020/gv20000438252_1.jpg"}
,
{"num":"58","item_name":"[자연실록] 닭가슴살 큐브 스테이크 4종","description_img":"https://img-cf.kurly.com/shop/data/goodsview/20211125/gv30000248562_1.jpg","title":"닭가슴살은 지방이 적은 살코기 부위로, 식단을 관리하는 분들이 많이 찾는 식재료인데요. 좋은 환경에서 키워 더욱 안심 할 수 있는 자연실록의 닭가슴살 큐브 스테이크를 만나 보세요. 도계 즉시 급속으로 동결하는 IFF 공법*을 사용해 신선함을 그대로 보존하고, 특유의 퍽퍽한 식감 대신 촉촉한 육질을 살렸어요. 적당한 크기로 깍둑 썰어내 조리하거나 먹기에도 무척 편리고요. 각각 후추와 파슬리, 국내산 마늘, 청양고추, 치즈로 감칠맛을 더해 양념 없이도 심심하지 않게 즐길 수 있답니다.","check_point_img":"https://img-cf.kurly.com/shop/data/goodsview/20220211/gv10000248563_1.jpg,https://img-cf.kurly.com/shop/data/goodsview/20211125/gv40000248566_1.jpg,https://img-cf.kurly.com/shop/data/goodsview/20211125/gv20000248568_1.jpg","check_point":"\\n01. 동물복지 닭가슴살 큐브 스테이크\\n?중량 : 1봉(500g)\\n?특징 : 닭가슴살 결이 촉촉하게 느껴지는 오리지널 제품이에요. 염지 과정을 짧게 거친 후 후추와 파슬리로 향미를 살짝 더해 담백하면서도 심심하지 않은 감칠맛이 느껴집니다.\\n02. 동물복지 닭가슴살 큐브 스테이크 갈릭\\n?중량 : 1봉(500g)\\n?특징 : 국내산 마늘로 깊은 맛을 더했어요. 은은한 마늘 향이 느껴지는 동시에 육질이 부드러워 누구나 부담없이 먹을 수 있답니다.\\n03. 동물복지 닭가슴살 큐브 스테이크 청양고추\\n?중량 : 1봉(500g)\\n?특징 : 식단조절 중 매콤한 음식이 생각난다면 청양고추를 추천할게요. 담백한 닭가슴살에 송송 썬 청양고추를 더해 질리지 않는 맛을 가졌답니다.\\n04. 동물복지 닭가슴살 큐브 스테이크 치즈\\n?중량 : 1봉(500g)\\n?특징 : 고소한 치즈를 콕콕 박아 완성한 닭가슴살 큐브입니다. 달콤 짭조름한 풍미를 지녀 그냥 먹어도 참 맛있어요.","tip_img":"","tip":"\\n조리법\\n?프라이팬 조리 시 : 프라이팬에 기름을 둘러 예열한 다음, 냉동 상태의 닭가슴살을 올려 약불에서 7~8분간 조리해 주세요. 중간중간 뒤집어 가며 골고루 익혀 주시면 됩니다.\\n?에어프라이어 조리 시 : 180℃로 5분간 예열한 에어프라이어에 냉동 상태의 닭가슴살을 잘 펼쳐 넣고 약 3분간 조리한 다음, 뒤집어서 5분간 더 조리해 주세요.\\n보관법\\n?-18℃ 이하의 냉동실에서 보관해 주세요.\\n활용팁\\n?프라이팬에 버터를 발라 구우면 더욱 진한 풍미를 느낄 수 있어요.\\n?버섯이나 양파, 피망, 마늘, 아스파라거스 등의 채소를 곁들여 함께 볶으면 더욱 풍성한 요리를 완성할 수 있답니다.","detail_img":"https://img-cf.kurly.com/shop/data/goodsview/20220608/gv30000324359_1.jpg"}

]
